{"file_hashes":[{"block_hashes":["aElkEYkGFz7Cc4g6CIXpo5n0wA+bw3zTGIY/VokFU+w="],"block_size":4096,"path":"background.js"},{"block_hashes":["p2VDmNkkAjXkk8RpRqOGQ1/Lt7knIN8oFf+BuE5Gkxs="],"block_size":4096,"path":"css/mediaGallery.css"},{"block_hashes":["Z3d8VVxhJq7axiTjzcLmWX0dEVXiYvymceJCVuJEvgE="],"block_size":4096,"path":"css/mediaPreview.css"},{"block_hashes":["qNBeUyGvBupKJwwUjB65hbLRTY4FuLO3ZJGvXn5q0DU="],"block_size":4096,"path":"css/messages.css"},{"block_hashes":["ReR/ABRyDz+nqoB35LYrhgfCjMAlNqkC2WxkI4kgp3w="],"block_size":4096,"path":"css/messagesPreview.css"},{"block_hashes":["tWf3K6xP/GAfzhu3KVZ516z7z703yQitQOWjIY9Jwkk=","f+wHbY/x+NLDyAxlnqRFQ/MIAEApughnLHgV9VARueQ="],"block_size":4096,"path":"css/name.css"},{"block_hashes":["n27Y8e3pl+3hBxurrPP1eCHuRGlKV3xN+kNfYaIx2hU=","MrbvSRmYGFwtM9V+dZ/5poOMGr3C6AU8X1wio9ekyGQ="],"block_size":4096,"path":"css/noDelay.css"},{"block_hashes":["SAIrZZ81pOiS854X9YXTr7tf3CA7x2Jb1FhxAPMFLIc=","xGzmPcDZ61MhxknUucyUKvg9v0O0Lp/ITbIn3VjlKtQ="],"block_size":4096,"path":"css/profilePic.css"},{"block_hashes":["Qbk9RUdI50knE/N6VenCGa6acSdUQAgWInSs1JMV3Jo="],"block_size":4096,"path":"css/textInput.css"},{"block_hashes":["+STc1VU6XQRJlnvcI5bJuui83tarrebtjPXh5jGkxv4=","hYfzQLNyuh5PMgzRCiFJDrvSLThaMIO/PbWWzgeQsSQ="],"block_size":4096,"path":"css/unblurActive.css"},{"block_hashes":["qa7qFGncNEORmlJm47KnQSZy3kg1c2gSVLm7zk/5Oog="],"block_size":4096,"path":"images/logo.svg"},{"block_hashes":["lxtxMg3fpYaP0lwd+PURav8IKrfcU1yNI+0WqiM+/mg="],"block_size":4096,"path":"images/statusOff.png"},{"block_hashes":["5buwzWrRSFENOaHav82rLzBgqEJtRUSkitbktiudTn0="],"block_size":4096,"path":"images/statusOn.png"},{"block_hashes":["5BrEsNOr+x/QlYyFPM0fD2sxTKUwWhYszVN+t65cfio="],"block_size":4096,"path":"LICENSE"},{"block_hashes":["Viu9irXozu+dzSnDwY7dxL4Iwv60FJzGspj2rh5jV58=","p4fIKH9aFZ4PrN1z5tFPyZtwq7vzS/GFd6p2tEf/J7o=","gBQjXsqzLxC1VltUVYT5joDmXT5RjFfQxw+ZA79Y1n4=","NjC+lFj3trmMp3QXM9dzcaa0ZD1tXXMST1a4ia3eh2k=","tPGYkZYZPaWE/RN3sbQvRO8O/FHYvdMs5b1/YtzuVyE=","yBEYXFIKcABmJFQ2bUVQwX4fJ//c6B8Sh9dM7hqeC/U=","GFDr6VvF1Ix5SKZl7yOLqeLblOTDDPp8vdRt8KkdXII="],"block_size":4096,"path":"popup/popup.html"},{"block_hashes":["QUlGiiXsrFzFxG223ig2d0qRfYznRujE+nbMJkjfx1c=","T1iRZXojJNfPDQyjTh9K4cKWtU9Iny6AfoVQvRz2Vbs="],"block_size":4096,"path":"popup/popup.js"},{"block_hashes":["Ba2PXEkZWeEtbCDjxGjMVEgkuw+sKvRcUCa9PERIA28=","59gwcrwi/jFKeysYyiKh3Df3AW0yhATveQ+D/PD1a+k="],"block_size":4096,"path":"scripts/contentScript.js"}],"version":2}